{
  "validation": {
    "accuracy": 0.8322218656539917,
    "precision": 0.8314119869568223,
    "recall": 0.8334437499999479,
    "f1": 0.8324266237129968,
    "loss": 0.3751617718219757
  },
  "test_binary_only": {
    "accuracy": 0.8105849623680115,
    "precision": 0.7968749999584961,
    "recall": 0.8406593406131505,
    "f1": 0.8181818131416398,
    "loss": 0.39918777346611023
  }
}