{
  "validation": {
    "accuracy": 0.8282834887504578,
    "precision": 0.8168612912800499,
    "recall": 0.8440916002635991,
    "f1": 0.8302532286245534,
    "loss": 0.3926840185655396
  },
  "test_binary_only": {
    "accuracy": 0.8022283911705017,
    "precision": 0.7817258882851915,
    "recall": 0.8461538461073541,
    "f1": 0.8126649026166625,
    "loss": 0.4153732657432556
  }
}